{"titulares":[
    {"dni":"11111111A","nombre":"Pepe","clave":"123456","cuentas":
        [{"numero":"11111111111111111111",
            "movimientos":
            [
                {"importe":100,"fecha":"2020-11-19T23:00:00.000Z","tipo":"Imposición"},
                {"importe":300,"fecha":"2020-11-10T23:00:00.000Z","tipo":"Reintegro"},
                {"importe":50,"fecha":"2020-11-02T23:00:00.000Z","tipo":"Imposición"},
                {"importe":250,"fecha":"2020-11-10T23:00:00.000Z","tipo":"Reintegro"}
            ]},
        {"numero":"11111111111111111112",
            "movimientos":
            [
                {"importe":102,"fecha":"2020-11-09T23:00:00.000Z","tipo":"Reintegro"},
                {"importe":92,"fecha":"2020-11-20T23:00:00.000Z","tipo":"Imposición"},
                {"importe":252,"fecha":"2020-11-10T23:00:00.000Z","tipo":"Reintegro"}
            ]}
        ]},
    {"dni":"22222222A","nombre":"Nieves","clave":"123456","cuentas":
        [{"numero":"11111111111111111121",
            "movimientos":
            [
                {"importe":100,"fecha":"2020-11-09T23:00:00.000Z","tipo":"Imposición"},
                {"importe":200,"fecha":"2020-11-10T23:00:00.000Z","tipo":"Imposición"},
                {"importe":250,"fecha":"2020-11-10T23:00:00.000Z","tipo":"Reintegro"},
                {"importe":103,"fecha":"2020-11-09T23:00:00.000Z","tipo":"Imposición"},
                {"importe":203,"fecha":"2020-11-10T23:00:00.000Z","tipo":"Imposición"},
                {"importe":253,"fecha":"2020-11-10T23:00:00.000Z","tipo":"Reintegro"}
            ]
        }]
    }]
    }
